index,TicketID,Volumes
0,T1,1
1,T2,1
2,T3,1
3,T4,1
4,T5,1
5,T6,1
6,T7,1
7,T8,1
8,T9,1
9,T10,1
10,T11,1
11,T12,1
12,T13,1
13,T14,1
14,T15,1
15,T16,1
16,T17,1
17,T18,1
18,T19,1
19,T20,1
20,T21,1
21,T22,1
22,T23,1
23,T24,1
24,T25,1
25,T26,1
26,T27,1
27,T28,1
28,T29,1
29,T30,1
30,T31,1
31,T32,1
32,T33,1
33,T34,1
34,T35,1
35,T36,1
36,T37,1
37,T38,1
38,T39,1
39,T40,1
40,T41,1
41,T42,1
42,T43,1
43,T44,1
44,T45,1
45,T46,1
46,T47,1
47,T48,1
48,T49,1
49,T50,1
50,T51,1
51,T52,1
52,T53,1
53,T54,1
54,T55,1
55,T56,1
56,T57,1
57,T58,1
58,T59,1
59,T60,1
60,T61,1
61,T62,1
62,T63,1
63,T64,1
64,T65,1
65,T66,1
66,T67,1
67,T68,1
68,T69,1
69,T70,1
70,T71,1
71,T72,1
72,T73,1
73,T74,1
74,T75,1
75,T76,1
76,T77,1
77,T78,1
78,T79,1
79,T80,1
80,T81,1
81,T82,1
82,T83,1
83,T84,1
84,T85,1
85,T86,1
86,T87,1
87,T88,1
88,T89,1
89,T90,1
90,T91,1
91,T92,1
92,T93,1
93,T94,1
94,T95,1
95,T96,1
96,T97,1
97,T98,1
98,T99,1
99,T100,1
100,T101,1
101,T102,1
102,T103,1
103,T104,1
104,T105,1
105,T106,1
106,T107,1
107,T108,1
108,T109,1
109,T110,1
110,T111,1
111,T112,1
112,T113,1
113,T114,1
114,T115,1
115,T116,1
116,T117,1
117,T118,1
118,T119,1
119,T120,1
120,T121,1
121,T122,1
122,T123,1
123,T124,1
124,T125,1
125,T126,1
126,T127,1
127,T128,1
128,T129,1
129,T130,1
130,T131,1
131,T132,1
132,T133,1
133,T134,1
134,T135,1
135,T136,1
136,T137,1
137,T138,1
138,T139,1
139,T140,1
140,T141,2
141,T142,2
142,T143,2
143,T144,2
144,T145,2
145,T146,2
146,T147,2
147,T148,2
148,T149,2
149,T150,2
150,T151,2
151,T152,2
152,T153,2
153,T154,2
154,T155,2
155,T156,2
156,T157,2
157,T158,2
158,T159,2
159,T160,2
160,T161,2
161,T162,2
162,T163,2
163,T164,2
164,T165,2
165,T166,2
166,T167,2
167,T168,2
168,T169,2
169,T170,2
170,T171,2
171,T172,2
172,T173,2
173,T174,2
174,T175,2
175,T176,2
176,T177,2
177,T178,2
178,T179,2
179,T180,2
180,T181,2
181,T182,2
182,T183,2
183,T184,2
184,T185,2
185,T186,2
186,T187,2
187,T188,2
188,T189,2
189,T190,2
190,T191,2
191,T192,2
192,T193,2
193,T194,2
194,T195,2
195,T196,2
196,T197,2
197,T198,2
198,T199,2
199,T200,2
200,T201,2
201,T202,2
202,T203,2
203,T204,2
204,T205,2
205,T206,2
206,T207,2
207,T208,2
208,T209,2
209,T210,2
210,T211,2
211,T212,2
212,T213,2
213,T214,2
214,T215,2
215,T216,2
216,T217,2
217,T218,2
218,T219,2
219,T220,2
220,T221,2
221,T222,2
222,T223,2
223,T224,2
224,T225,2
225,T226,2
226,T227,2
227,T228,2
228,T229,2
229,T230,2
230,T231,2
231,T232,2
232,T233,2
233,T234,2
234,T235,2
235,T236,2
236,T237,2
237,T238,2
238,T239,2
239,T240,2
240,T241,2
241,T242,2
242,T243,2
243,T244,2
244,T245,2
245,T246,2
246,T247,2
247,T248,2
248,T249,2
249,T250,2
250,T251,2
251,T252,2
252,T253,2
253,T254,2
254,T255,2
255,T256,2
256,T257,2
257,T258,2
258,T259,2
259,T260,2
260,T261,3
261,T262,3
262,T263,3
263,T264,3
264,T265,3
265,T266,3
266,T267,3
267,T268,3
268,T269,3
269,T270,3
270,T271,3
271,T272,3
272,T273,3
273,T274,3
274,T275,3
275,T276,3
276,T277,3
277,T278,3
278,T279,3
279,T280,3
280,T281,3
281,T282,3
282,T283,3
283,T284,3
284,T285,3
285,T286,3
286,T287,3
287,T288,3
288,T289,3
289,T290,3
290,T291,3
291,T292,3
292,T293,3
293,T294,3
294,T295,3
295,T296,3
296,T297,3
297,T298,3
298,T299,3
299,T300,3
300,T301,3
301,T302,3
302,T303,3
303,T304,3
304,T305,3
305,T306,3
306,T307,3
307,T308,3
308,T309,3
309,T310,3
310,T311,3
311,T312,3
312,T313,3
313,T314,3
314,T315,3
315,T316,3
316,T317,3
317,T318,3
318,T319,3
319,T320,3
320,T321,3
321,T322,3
322,T323,3
323,T324,3
324,T325,3
325,T326,3
326,T327,3
327,T328,3
328,T329,3
329,T330,3
330,T331,3
331,T332,3
332,T333,3
333,T334,3
334,T335,3
335,T336,3
336,T337,3
337,T338,3
338,T339,3
339,T340,3
340,T341,3
341,T342,3
342,T343,3
343,T344,3
344,T345,3
345,T346,3
346,T347,3
347,T348,3
348,T349,3
349,T350,3
350,T351,3
351,T352,3
352,T353,3
353,T354,3
354,T355,3
355,T356,3
356,T357,3
357,T358,3
358,T359,3
359,T360,3
360,T361,3
361,T362,3
362,T363,3
363,T364,3
364,T365,3
365,T366,3
366,T367,3
367,T368,3
368,T369,3
369,T370,3
370,T371,3
371,T372,3
372,T373,3
373,T374,3
374,T375,3
375,T376,3
376,T377,3
377,T378,3
378,T379,3
379,T380,3
380,T381,3
381,T382,3
382,T383,3
383,T384,3
384,T385,3
385,T386,3
386,T387,3
387,T388,3
388,T389,3
389,T390,3
390,T391,3
391,T392,3
392,T393,3
393,T394,3
394,T395,3
395,T396,3
396,T397,3
397,T398,3
398,T399,3
399,T400,3
400,T401,3
401,T402,3
402,T403,3
403,T404,3
404,T405,3
405,T406,3
406,T407,3
407,T408,3
408,T409,3
409,T410,3
410,T411,3
411,T412,3
412,T413,3
413,T414,3
414,T415,3
415,T416,3
416,T417,3
417,T418,3
418,T419,3
419,T420,3
420,T421,3
421,T422,3
422,T423,3
423,T424,3
424,T425,3
425,T426,3
426,T427,3
427,T428,3
428,T429,3
429,T430,3
430,T431,3
431,T432,3
432,T433,3
433,T434,3
434,T435,3
435,T436,3
436,T437,3
437,T438,3
438,T439,3
439,T440,3
440,T441,3
441,T442,3
442,T443,3
443,T444,3
444,T445,3
445,T446,3
446,T447,3
447,T448,3
448,T449,3
449,T450,3
450,T451,3
451,T452,3
452,T453,3
453,T454,3
454,T455,3
455,T456,3
456,T457,3
457,T458,3
458,T459,3
459,T460,3
460,T461,3
461,T462,3
462,T463,3
463,T464,3
464,T465,3
465,T466,3
466,T467,3
467,T468,3
468,T469,3
469,T470,3
470,T471,3
471,T472,3
472,T473,3
473,T474,3
474,T475,3
475,T476,3
476,T477,3
477,T478,3
478,T479,3
479,T480,3
480,T481,3
481,T482,3
482,T483,3
483,T484,3
484,T485,3
485,T486,3
486,T487,3
487,T488,3
488,T489,3
489,T490,3
490,T491,4
491,T492,4
492,T493,4
493,T494,4
494,T495,4
495,T496,4
496,T497,4
497,T498,4
498,T499,4
499,T500,4
500,T501,4
501,T502,4
502,T503,4
503,T504,4
504,T505,4
505,T506,4
506,T507,4
507,T508,4
508,T509,4
509,T510,4
510,T511,4
511,T512,4
512,T513,4
513,T514,4
514,T515,4
515,T516,4
516,T517,4
517,T518,4
518,T519,4
519,T520,4
520,T521,4
521,T522,4
522,T523,4
523,T524,4
524,T525,4
525,T526,4
526,T527,4
527,T528,4
528,T529,4
529,T530,4
530,T531,4
531,T532,4
532,T533,4
533,T534,4
534,T535,4
535,T536,4
536,T537,4
537,T538,4
538,T539,4
539,T540,4
540,T541,4
541,T542,4
542,T543,4
543,T544,4
544,T545,4
545,T546,4
546,T547,4
547,T548,4
548,T549,4
549,T550,4
550,T551,4
551,T552,4
552,T553,4
553,T554,4
554,T555,4
555,T556,4
556,T557,4
557,T558,4
558,T559,4
559,T560,4
560,T561,4
561,T562,4
562,T563,4
563,T564,4
564,T565,4
565,T566,4
566,T567,4
567,T568,4
568,T569,4
569,T570,4
570,T571,4
571,T572,4
572,T573,4
573,T574,4
574,T575,4
575,T576,4
576,T577,4
577,T578,4
578,T579,4
579,T580,4
580,T581,4
581,T582,4
582,T583,4
583,T584,4
584,T585,4
585,T586,4
586,T587,4
587,T588,4
588,T589,4
589,T590,4
590,T591,4
591,T592,4
592,T593,4
593,T594,4
594,T595,4
595,T596,4
596,T597,4
597,T598,4
598,T599,4
599,T600,4
600,T601,4
601,T602,4
602,T603,4
603,T604,4
604,T605,4
605,T606,4
606,T607,4
607,T608,4
608,T609,4
609,T610,4
610,T611,4
611,T612,4
612,T613,4
613,T614,4
614,T615,4
615,T616,4
616,T617,4
617,T618,4
618,T619,4
619,T620,4
620,T621,4
621,T622,4
622,T623,4
623,T624,4
624,T625,4
625,T626,4
626,T627,4
627,T628,4
628,T629,4
629,T630,4
630,T631,4
631,T632,4
632,T633,4
633,T634,4
634,T635,4
635,T636,4
636,T637,4
637,T638,4
638,T639,4
639,T640,4
640,T641,4
641,T642,4
642,T643,4
643,T644,4
644,T645,4
645,T646,4
646,T647,4
647,T648,4
648,T649,4
649,T650,4
650,T651,4
651,T652,4
652,T653,4
653,T654,4
654,T655,4
655,T656,4
656,T657,4
657,T658,4
658,T659,4
659,T660,4
660,T661,4
661,T662,4
662,T663,4
663,T664,4
664,T665,4
665,T666,4
666,T667,4
667,T668,4
668,T669,4
669,T670,4
670,T671,4
671,T672,4
672,T673,4
673,T674,4
674,T675,4
675,T676,4
676,T677,4
677,T678,4
678,T679,4
679,T680,4
680,T681,4
681,T682,4
682,T683,4
683,T684,4
684,T685,4
685,T686,4
686,T687,4
687,T688,4
688,T689,4
689,T690,4
690,T691,5
691,T692,5
692,T693,5
693,T694,5
694,T695,5
695,T696,5
696,T697,5
697,T698,5
698,T699,5
699,T700,5
700,T701,5
701,T702,5
702,T703,5
703,T704,5
704,T705,5
705,T706,5
706,T707,5
707,T708,5
708,T709,5
709,T710,5
710,T711,5
711,T712,5
712,T713,5
713,T714,5
714,T715,5
715,T716,5
716,T717,5
717,T718,5
718,T719,5
719,T720,5
720,T721,5
721,T722,5
722,T723,5
723,T724,5
724,T725,5
725,T726,5
726,T727,5
727,T728,5
728,T729,5
729,T730,5
730,T731,5
731,T732,5
732,T733,5
733,T734,5
734,T735,5
735,T736,5
736,T737,5
737,T738,5
738,T739,5
739,T740,5
740,T741,5
741,T742,5
742,T743,5
743,T744,5
744,T745,5
745,T746,5
746,T747,5
747,T748,5
748,T749,5
749,T750,5
750,T751,5
751,T752,5
752,T753,5
753,T754,5
754,T755,5
755,T756,5
756,T757,5
757,T758,5
758,T759,5
759,T760,5
760,T761,5
761,T762,5
762,T763,5
763,T764,5
764,T765,5
765,T766,5
766,T767,5
767,T768,5
768,T769,5
769,T770,5
770,T771,5
771,T772,5
772,T773,5
773,T774,5
774,T775,5
775,T776,5
776,T777,5
777,T778,5
778,T779,5
779,T780,5
780,T781,5
781,T782,5
782,T783,5
783,T784,5
784,T785,5
785,T786,5
786,T787,5
787,T788,5
788,T789,5
789,T790,5
790,T791,5
791,T792,5
792,T793,5
793,T794,5
794,T795,5
795,T796,5
796,T797,5
797,T798,5
798,T799,5
799,T800,5
800,T801,5
801,T802,5
802,T803,5
803,T804,5
804,T805,5
805,T806,5
806,T807,5
807,T808,5
808,T809,5
809,T810,5
810,T811,5
811,T812,5
812,T813,5
813,T814,5
814,T815,5
815,T816,5
816,T817,5
817,T818,5
818,T819,5
819,T820,5
820,T821,5
821,T822,5
822,T823,5
823,T824,5
824,T825,5
825,T826,5
826,T827,5
827,T828,5
828,T829,5
829,T830,5
830,T831,5
831,T832,5
832,T833,5
833,T834,5
834,T835,5
835,T836,5
836,T837,5
837,T838,5
838,T839,5
839,T840,5
840,T841,5
841,T842,5
842,T843,5
843,T844,5
844,T845,5
845,T846,5
846,T847,5
847,T848,5
848,T849,5
849,T850,5
850,T851,5
851,T852,5
852,T853,5
853,T854,5
854,T855,5
855,T856,5
856,T857,5
857,T858,5
858,T859,5
859,T860,5
860,T861,5
861,T862,5
862,T863,5
863,T864,5
864,T865,5
865,T866,5
866,T867,5
867,T868,5
868,T869,5
869,T870,5
870,T871,5
871,T872,5
872,T873,5
873,T874,5
874,T875,5
875,T876,5
876,T877,5
877,T878,5
878,T879,5
879,T880,5
880,T881,5
881,T882,5
882,T883,5
883,T884,5
884,T885,5
885,T886,5
886,T887,5
887,T888,5
888,T889,5
889,T890,5
890,T891,5
891,T892,5
892,T893,5
893,T894,5
894,T895,5
895,T896,5
896,T897,5
897,T898,5
898,T899,5
899,T900,5
900,T901,5
901,T902,5
902,T903,5
903,T904,5
904,T905,5
905,T906,5
906,T907,5
907,T908,5
908,T909,5
909,T910,5
910,T911,5
911,T912,5
912,T913,5
913,T914,5
914,T915,5
915,T916,5
916,T917,5
917,T918,5
918,T919,5
919,T920,5
920,T921,6
921,T922,6
922,T923,6
923,T924,6
924,T925,6
925,T926,6
926,T927,6
927,T928,6
928,T929,6
929,T930,6
930,T931,6
931,T932,6
932,T933,6
933,T934,6
934,T935,6
935,T936,6
936,T937,6
937,T938,6
938,T939,6
939,T940,6
940,T941,6
941,T942,6
942,T943,6
943,T944,6
944,T945,6
945,T946,6
946,T947,6
947,T948,6
948,T949,6
949,T950,6
950,T951,6
951,T952,6
952,T953,6
953,T954,6
954,T955,6
955,T956,6
956,T957,6
957,T958,6
958,T959,6
959,T960,6
960,T961,6
961,T962,6
962,T963,6
963,T964,6
964,T965,6
965,T966,6
966,T967,6
967,T968,6
968,T969,6
969,T970,6
970,T971,6
971,T972,6
972,T973,6
973,T974,6
974,T975,6
975,T976,6
976,T977,6
977,T978,6
978,T979,6
979,T980,6
980,T981,6
981,T982,6
982,T983,6
983,T984,6
984,T985,6
985,T986,6
986,T987,6
987,T988,6
988,T989,6
989,T990,6
990,T991,6
991,T992,6
992,T993,6
993,T994,6
994,T995,6
995,T996,6
996,T997,6
997,T998,6
998,T999,6
999,T1000,6
1000,T1001,6
1001,T1002,6
1002,T1003,6
1003,T1004,6
1004,T1005,6
1005,T1006,6
1006,T1007,6
1007,T1008,6
1008,T1009,6
1009,T1010,6
1010,T1011,6
1011,T1012,6
1012,T1013,6
1013,T1014,6
1014,T1015,6
1015,T1016,6
1016,T1017,6
1017,T1018,6
1018,T1019,6
1019,T1020,6
1020,T1021,6
1021,T1022,6
1022,T1023,6
1023,T1024,6
1024,T1025,6
1025,T1026,6
1026,T1027,6
1027,T1028,6
1028,T1029,6
1029,T1030,6
1030,T1031,6
1031,T1032,6
1032,T1033,6
1033,T1034,6
1034,T1035,6
1035,T1036,6
1036,T1037,6
1037,T1038,6
1038,T1039,6
1039,T1040,6
1040,T1041,6
1041,T1042,6
1042,T1043,6
1043,T1044,6
1044,T1045,6
1045,T1046,6
1046,T1047,6
1047,T1048,6
1048,T1049,6
1049,T1050,6
1050,T1051,6
1051,T1052,6
1052,T1053,6
1053,T1054,6
1054,T1055,6
1055,T1056,6
1056,T1057,6
1057,T1058,6
1058,T1059,6
1059,T1060,6
1060,T1061,6
1061,T1062,6
1062,T1063,6
1063,T1064,6
1064,T1065,6
1065,T1066,6
1066,T1067,6
1067,T1068,6
1068,T1069,6
1069,T1070,6
1070,T1071,6
1071,T1072,6
1072,T1073,6
1073,T1074,6
1074,T1075,6
1075,T1076,6
1076,T1077,6
1077,T1078,6
1078,T1079,6
1079,T1080,6
1080,T1081,6
1081,T1082,6
1082,T1083,6
1083,T1084,6
1084,T1085,6
1085,T1086,6
1086,T1087,6
1087,T1088,6
1088,T1089,6
1089,T1090,6
1090,T1091,6
1091,T1092,6
1092,T1093,6
1093,T1094,6
1094,T1095,6
1095,T1096,6
1096,T1097,6
1097,T1098,6
1098,T1099,6
1099,T1100,6
1100,T1101,7
1101,T1102,7
1102,T1103,7
1103,T1104,7
1104,T1105,7
1105,T1106,7
1106,T1107,7
1107,T1108,7
1108,T1109,7
1109,T1110,7
1110,T1111,7
1111,T1112,7
1112,T1113,7
1113,T1114,7
1114,T1115,7
1115,T1116,7
1116,T1117,7
1117,T1118,7
1118,T1119,7
1119,T1120,7
1120,T1121,7
1121,T1122,7
1122,T1123,7
1123,T1124,7
1124,T1125,7
1125,T1126,7
1126,T1127,7
1127,T1128,7
1128,T1129,7
1129,T1130,7
1130,T1131,7
1131,T1132,7
1132,T1133,7
1133,T1134,7
1134,T1135,7
1135,T1136,7
1136,T1137,7
1137,T1138,7
1138,T1139,7
1139,T1140,7
1140,T1141,7
1141,T1142,7
1142,T1143,7
1143,T1144,7
1144,T1145,7
1145,T1146,7
1146,T1147,7
1147,T1148,7
1148,T1149,7
1149,T1150,7
1150,T1151,7
1151,T1152,7
1152,T1153,7
1153,T1154,7
1154,T1155,7
1155,T1156,7
1156,T1157,7
1157,T1158,7
1158,T1159,7
1159,T1160,7
1160,T1161,7
1161,T1162,7
1162,T1163,7
1163,T1164,7
1164,T1165,7
1165,T1166,7
1166,T1167,7
1167,T1168,7
1168,T1169,7
1169,T1170,7
1170,T1171,7
1171,T1172,7
1172,T1173,7
1173,T1174,7
1174,T1175,7
1175,T1176,7
1176,T1177,7
1177,T1178,7
1178,T1179,7
1179,T1180,7
1180,T1181,7
1181,T1182,7
1182,T1183,7
1183,T1184,7
1184,T1185,7
1185,T1186,7
1186,T1187,7
1187,T1188,7
1188,T1189,7
1189,T1190,7
1190,T1191,7
1191,T1192,7
1192,T1193,7
1193,T1194,7
1194,T1195,7
1195,T1196,7
1196,T1197,7
1197,T1198,7
1198,T1199,7
1199,T1200,7
1200,T1201,7
1201,T1202,7
1202,T1203,7
1203,T1204,7
1204,T1205,7
1205,T1206,7
1206,T1207,7
1207,T1208,7
1208,T1209,7
1209,T1210,7
1210,T1211,7
1211,T1212,7
1212,T1213,7
1213,T1214,7
1214,T1215,7
1215,T1216,7
1216,T1217,7
1217,T1218,7
1218,T1219,7
1219,T1220,7
1220,T1221,7
1221,T1222,7
1222,T1223,7
1223,T1224,7
1224,T1225,7
1225,T1226,7
1226,T1227,7
1227,T1228,7
1228,T1229,7
1229,T1230,7
1230,T1231,7
1231,T1232,7
1232,T1233,7
1233,T1234,7
1234,T1235,7
1235,T1236,7
1236,T1237,7
1237,T1238,7
1238,T1239,7
1239,T1240,7
1240,T1241,7
1241,T1242,7
1242,T1243,7
1243,T1244,7
1244,T1245,7
1245,T1246,7
1246,T1247,7
1247,T1248,7
1248,T1249,7
1249,T1250,7
1250,T1251,7
1251,T1252,7
1252,T1253,7
1253,T1254,7
1254,T1255,7
1255,T1256,7
1256,T1257,7
1257,T1258,7
1258,T1259,7
1259,T1260,7
1260,T1261,8
1261,T1262,8
1262,T1263,8
1263,T1264,8
1264,T1265,8
1265,T1266,8
1266,T1267,8
1267,T1268,8
1268,T1269,8
1269,T1270,8
1270,T1271,8
1271,T1272,8
1272,T1273,8
1273,T1274,8
1274,T1275,8
1275,T1276,8
1276,T1277,8
1277,T1278,8
1278,T1279,8
1279,T1280,8
1280,T1281,8
1281,T1282,8
1282,T1283,8
1283,T1284,8
1284,T1285,8
1285,T1286,8
1286,T1287,8
1287,T1288,8
1288,T1289,8
1289,T1290,8
1290,T1291,8
1291,T1292,8
1292,T1293,8
1293,T1294,8
1294,T1295,8
1295,T1296,8
1296,T1297,8
1297,T1298,8
1298,T1299,8
1299,T1300,8
1300,T1301,8
1301,T1302,8
1302,T1303,8
1303,T1304,8
1304,T1305,8
1305,T1306,8
1306,T1307,8
1307,T1308,8
1308,T1309,8
1309,T1310,8
1310,T1311,8
1311,T1312,8
1312,T1313,8
1313,T1314,8
1314,T1315,8
1315,T1316,8
1316,T1317,8
1317,T1318,8
1318,T1319,8
1319,T1320,8
1320,T1321,8
1321,T1322,8
1322,T1323,8
1323,T1324,8
1324,T1325,8
1325,T1326,8
1326,T1327,8
1327,T1328,8
1328,T1329,8
1329,T1330,8
1330,T1331,8
1331,T1332,8
1332,T1333,8
1333,T1334,8
1334,T1335,8
1335,T1336,8
1336,T1337,8
1337,T1338,8
1338,T1339,8
1339,T1340,8
1340,T1341,8
1341,T1342,8
1342,T1343,8
1343,T1344,8
1344,T1345,8
1345,T1346,8
1346,T1347,8
1347,T1348,8
1348,T1349,8
1349,T1350,8
1350,T1351,8
1351,T1352,8
1352,T1353,8
1353,T1354,8
1354,T1355,8
1355,T1356,8
1356,T1357,8
1357,T1358,8
1358,T1359,8
1359,T1360,8
1360,T1361,8
1361,T1362,8
1362,T1363,8
1363,T1364,8
1364,T1365,8
1365,T1366,8
1366,T1367,8
1367,T1368,8
1368,T1369,8
1369,T1370,8
1370,T1371,8
1371,T1372,8
1372,T1373,8
1373,T1374,8
1374,T1375,8
1375,T1376,8
1376,T1377,8
1377,T1378,8
1378,T1379,8
1379,T1380,8
1380,T1381,8
1381,T1382,8
1382,T1383,8
1383,T1384,8
1384,T1385,8
1385,T1386,8
1386,T1387,8
1387,T1388,8
1388,T1389,8
1389,T1390,8
1390,T1391,8
1391,T1392,8
1392,T1393,8
1393,T1394,8
1394,T1395,8
1395,T1396,8
1396,T1397,8
1397,T1398,8
1398,T1399,8
1399,T1400,8
1400,T1401,8
1401,T1402,8
1402,T1403,8
1403,T1404,8
1404,T1405,8
1405,T1406,8
1406,T1407,8
1407,T1408,8
1408,T1409,8
1409,T1410,8
1410,T1411,8
1411,T1412,8
1412,T1413,8
1413,T1414,8
1414,T1415,8
1415,T1416,8
1416,T1417,8
1417,T1418,8
1418,T1419,8
1419,T1420,8
1420,T1421,8
1421,T1422,8
1422,T1423,8
1423,T1424,8
1424,T1425,8
1425,T1426,8
1426,T1427,8
1427,T1428,8
1428,T1429,8
1429,T1430,8
1430,T1431,9
1431,T1432,9
1432,T1433,9
1433,T1434,9
1434,T1435,9
1435,T1436,9
1436,T1437,9
1437,T1438,9
1438,T1439,9
1439,T1440,9
1440,T1441,9
1441,T1442,9
1442,T1443,9
1443,T1444,9
1444,T1445,9
1445,T1446,9
1446,T1447,9
1447,T1448,9
1448,T1449,9
1449,T1450,9
1450,T1451,9
1451,T1452,9
1452,T1453,9
1453,T1454,9
1454,T1455,9
1455,T1456,9
1456,T1457,9
1457,T1458,9
1458,T1459,9
1459,T1460,9
1460,T1461,9
1461,T1462,9
1462,T1463,9
1463,T1464,9
1464,T1465,9
1465,T1466,9
1466,T1467,9
1467,T1468,9
1468,T1469,9
1469,T1470,9
1470,T1471,9
1471,T1472,9
1472,T1473,9
1473,T1474,9
1474,T1475,9
1475,T1476,9
1476,T1477,9
1477,T1478,9
1478,T1479,9
1479,T1480,9
1480,T1481,9
1481,T1482,9
1482,T1483,9
1483,T1484,9
1484,T1485,9
1485,T1486,9
1486,T1487,9
1487,T1488,9
1488,T1489,9
1489,T1490,9
1490,T1491,9
1491,T1492,9
1492,T1493,9
1493,T1494,9
1494,T1495,9
1495,T1496,9
1496,T1497,9
1497,T1498,9
1498,T1499,9
1499,T1500,9
1500,T1501,9
1501,T1502,9
1502,T1503,9
1503,T1504,9
1504,T1505,9
1505,T1506,9
1506,T1507,9
1507,T1508,9
1508,T1509,9
1509,T1510,9
1510,T1511,9
1511,T1512,9
1512,T1513,9
1513,T1514,9
1514,T1515,9
1515,T1516,9
1516,T1517,9
1517,T1518,9
1518,T1519,9
1519,T1520,9
1520,T1521,9
1521,T1522,9
1522,T1523,9
1523,T1524,9
1524,T1525,9
1525,T1526,9
1526,T1527,9
1527,T1528,9
1528,T1529,9
1529,T1530,9
1530,T1531,9
1531,T1532,9
1532,T1533,9
1533,T1534,9
1534,T1535,9
1535,T1536,9
1536,T1537,9
1537,T1538,9
1538,T1539,9
1539,T1540,9
1540,T1541,9
1541,T1542,9
1542,T1543,9
1543,T1544,9
1544,T1545,9
1545,T1546,9
1546,T1547,9
1547,T1548,9
1548,T1549,9
1549,T1550,9
1550,T1551,9
1551,T1552,9
1552,T1553,9
1553,T1554,9
1554,T1555,9
1555,T1556,9
1556,T1557,9
1557,T1558,9
1558,T1559,9
1559,T1560,9
1560,T1561,10
1561,T1562,10
1562,T1563,10
1563,T1564,10
1564,T1565,10
1565,T1566,10
1566,T1567,10
1567,T1568,10
1568,T1569,10
1569,T1570,10
1570,T1571,10
1571,T1572,10
1572,T1573,10
1573,T1574,10
1574,T1575,10
1575,T1576,10
1576,T1577,10
1577,T1578,10
1578,T1579,10
1579,T1580,10
1580,T1581,10
1581,T1582,10
1582,T1583,10
1583,T1584,10
1584,T1585,10
1585,T1586,10
1586,T1587,10
1587,T1588,10
1588,T1589,10
1589,T1590,10
1590,T1591,10
1591,T1592,10
1592,T1593,10
1593,T1594,10
1594,T1595,10
1595,T1596,10
1596,T1597,10
1597,T1598,10
1598,T1599,10
1599,T1600,10
1600,T1601,10
1601,T1602,10
1602,T1603,10
1603,T1604,10
1604,T1605,10
1605,T1606,10
1606,T1607,10
1607,T1608,10
1608,T1609,10
1609,T1610,10
1610,T1611,10
1611,T1612,10
1612,T1613,10
1613,T1614,10
1614,T1615,10
1615,T1616,10
1616,T1617,10
1617,T1618,10
1618,T1619,10
1619,T1620,10
1620,T1621,10
1621,T1622,10
1622,T1623,10
1623,T1624,10
1624,T1625,10
1625,T1626,10
1626,T1627,10
1627,T1628,10
1628,T1629,10
1629,T1630,10
1630,T1631,10
1631,T1632,10
1632,T1633,10
1633,T1634,10
1634,T1635,10
1635,T1636,10
1636,T1637,10
1637,T1638,10
1638,T1639,10
1639,T1640,10
1640,T1641,10
1641,T1642,10
1642,T1643,10
1643,T1644,10
1644,T1645,10
1645,T1646,10
1646,T1647,10
1647,T1648,10
1648,T1649,10
1649,T1650,10
1650,T1651,10
1651,T1652,10
1652,T1653,10
1653,T1654,10
1654,T1655,10
1655,T1656,10
1656,T1657,10
1657,T1658,10
1658,T1659,10
1659,T1660,10
1660,T1661,11
1661,T1662,11
1662,T1663,11
1663,T1664,11
1664,T1665,11
1665,T1666,11
1666,T1667,11
1667,T1668,11
1668,T1669,11
1669,T1670,11
1670,T1671,11
1671,T1672,11
1672,T1673,11
1673,T1674,11
1674,T1675,11
1675,T1676,11
1676,T1677,11
1677,T1678,11
1678,T1679,11
1679,T1680,11
1680,T1681,11
1681,T1682,11
1682,T1683,11
1683,T1684,11
1684,T1685,11
1685,T1686,11
1686,T1687,11
1687,T1688,11
1688,T1689,11
1689,T1690,11
1690,T1691,11
1691,T1692,11
1692,T1693,11
1693,T1694,11
1694,T1695,11
1695,T1696,11
1696,T1697,11
1697,T1698,11
1698,T1699,11
1699,T1700,11
1700,T1701,11
1701,T1702,11
1702,T1703,11
1703,T1704,11
1704,T1705,11
1705,T1706,11
1706,T1707,11
1707,T1708,11
1708,T1709,11
1709,T1710,11
1710,T1711,11
1711,T1712,11
1712,T1713,11
1713,T1714,11
1714,T1715,11
1715,T1716,11
1716,T1717,11
1717,T1718,11
1718,T1719,11
1719,T1720,11
1720,T1721,12
1721,T1722,12
1722,T1723,12
1723,T1724,12
1724,T1725,12
1725,T1726,12
1726,T1727,12
1727,T1728,12
1728,T1729,12
1729,T1730,12
1730,T1731,12
1731,T1732,12
1732,T1733,12
1733,T1734,12
1734,T1735,12
1735,T1736,12
1736,T1737,12
1737,T1738,12
1738,T1739,12
1739,T1740,12
1740,T1741,12
1741,T1742,12
1742,T1743,12
1743,T1744,12
1744,T1745,12
1745,T1746,12
1746,T1747,12
1747,T1748,12
1748,T1749,12
1749,T1750,12
1750,T1751,12
1751,T1752,12
1752,T1753,12
1753,T1754,12
1754,T1755,12
1755,T1756,12
1756,T1757,12
1757,T1758,12
1758,T1759,12
1759,T1760,12
1760,T1761,12
1761,T1762,12
1762,T1763,12
1763,T1764,12
1764,T1765,12
1765,T1766,12
1766,T1767,12
1767,T1768,12
1768,T1769,12
1769,T1770,12
1770,T1771,12
1771,T1772,12
1772,T1773,12
1773,T1774,12
1774,T1775,12
1775,T1776,12
1776,T1777,12
1777,T1778,12
1778,T1779,12
1779,T1780,12
1780,T1781,12
1781,T1782,12
1782,T1783,12
1783,T1784,13
1784,T1785,13
1785,T1786,13
1786,T1787,13
1787,T1788,13
1788,T1789,13
1789,T1790,13
1790,T1791,13
1791,T1792,13
1792,T1793,13
1793,T1794,13
1794,T1795,13
1795,T1796,13
1796,T1797,13
1797,T1798,13
1798,T1799,13
1799,T1800,13
1800,T1801,13
1801,T1802,13
1802,T1803,13
1803,T1804,13
1804,T1805,13
1805,T1806,13
1806,T1807,13
1807,T1808,13
1808,T1809,13
1809,T1810,13
1810,T1811,13
1811,T1812,13
1812,T1813,13
1813,T1814,13
1814,T1815,13
1815,T1816,13
1816,T1817,13
1817,T1818,13
1818,T1819,13
1819,T1820,13
1820,T1821,13
1821,T1822,13
1822,T1823,13
1823,T1824,13
1824,T1825,13
1825,T1826,14
1826,T1827,14
1827,T1828,14
1828,T1829,14
1829,T1830,14
1830,T1831,14
1831,T1832,14
1832,T1833,14
1833,T1834,14
1834,T1835,14
1835,T1836,14
1836,T1837,14
1837,T1838,14
1838,T1839,14
1839,T1840,14
1840,T1841,14
1841,T1842,14
1842,T1843,14
1843,T1844,14
1844,T1845,14
1845,T1846,14
1846,T1847,14
1847,T1848,14
1848,T1849,14
1849,T1850,14
1850,T1851,14
1851,T1852,14
1852,T1853,14
1853,T1854,14
1854,T1855,14
1855,T1856,14
1856,T1857,15
1857,T1858,15
1858,T1859,15
1859,T1860,15
1860,T1861,15
1861,T1862,15
1862,T1863,15
1863,T1864,15
1864,T1865,15
1865,T1866,15
1866,T1867,15
1867,T1868,15
1868,T1869,15
1869,T1870,15
1870,T1871,15
1871,T1872,15
1872,T1873,15
1873,T1874,15
1874,T1875,15
1875,T1876,15
1876,T1877,16
1877,T1878,16
1878,T1879,16
1879,T1880,16
1880,T1881,16
1881,T1882,16
1882,T1883,16
1883,T1884,16
1884,T1885,16
1885,T1886,16
1886,T1887,16
1887,T1888,16
1888,T1889,17
1889,T1890,17
1890,T1891,17
1891,T1892,17
1892,T1893,17
1893,T1894,17
1894,T1895,17
1895,T1896,17
1896,T1897,17
1897,T1898,18
1898,T1899,18
1899,T1900,18
1900,T1901,18
1901,T1902,18
1902,T1903,18
1903,T1904,18
1904,T1905,18
1905,T1906,18
1906,T1907,18
1907,T1908,18
1908,T1909,18
1909,T1910,19
1910,T1911,19
1911,T1912,19
1912,T1913,19
1913,T1914,19
1914,T1915,19
1915,T1916,19
1916,T1917,19
1917,T1918,19
1918,T1919,20
1919,T1920,20
1920,T1921,20
1921,T1922,20
1922,T1923,20
1923,T1924,20
1924,T1925,20
1925,T1926,20
1926,T1927,20
1927,T1928,20
1928,T1929,20
1929,T1930,20